symbol,entry_date,exit_date,entry_price,exit_price,pnl_pct,pnl_usd
AAVE,2023-06-26,2023-07-03,68.91366985238075,70.3434821779129,0.02074787670711689,207.4787670711689
AAVE,2023-10-23,2023-10-30,79.59603860370491,84.64363672238464,0.06341519260538654,634.1519260538654
AAVE,2023-12-16,2023-12-23,108.49142614287462,100.12866056958758,-0.0770822715729991,-770.822715729991
AAVE,2023-12-29,2024-01-05,118.88229590878478,104.03371348837605,-0.1249015449011992,-1249.0154490119921
AAVE,2024-03-06,2024-03-13,106.48796527788494,135.16005847159727,0.2692519583681711,2692.519583681711
AAVE,2024-05-25,2024-06-01,99.31714957132388,103.82485304670324,0.04538695980337398,453.8695980337398
AAVE,2024-07-26,2024-08-02,92.93927421438248,116.67250529779608,0.2553627762216896,2553.6277622168964
AAVE,2024-11-07,2024-11-14,173.7237814430001,173.18634723578137,-0.0030936133369573178,-30.936133369573177
AAVE,2024-12-03,2024-12-10,236.0930011665355,259.1372751355423,0.09760676451713979,976.0676451713979
AAVE,2024-12-11,2024-12-18,273.27962731605135,361.46771441484816,0.32270274943256627,3227.0274943256627
AAVE,2025-01-21,2025-01-28,336.52072649112796,303.56741677420064,-0.0979235664338675,-979.2356643386751
ADA,2023-07-14,2023-07-21,0.35688444399908936,0.31576493307864373,-0.11521799734300146,-1152.1799734300146
ADA,2023-10-03,2023-10-10,0.259716498079392,0.25158828311393877,-0.031296490694898205,-312.96490694898205
ADA,2023-10-24,2023-10-31,0.2788865832767842,0.3028112205756921,0.0857862612744036,857.862612744036
ADA,2023-11-10,2023-11-17,0.3682441373296721,0.37051507481448104,0.006166934526851346,61.66934526851346
ADA,2023-12-09,2023-12-16,0.5474035170649149,0.6020396774940284,0.09980966275493337,998.0966275493337
ADA,2024-02-29,2024-03-07,0.6314079487062091,0.7336259370506201,0.16188897931022483,1618.8897931022484
ADA,2024-06-08,2024-06-15,0.4494969073060348,0.41154227146274974,-0.08443803556015145,-844.3803556015145
ADA,2024-11-07,2024-11-14,0.3630158448380859,0.5789579396018733,0.5948558384830361,5948.558384830361
ADA,2025-02-04,2025-02-11,0.8095252800415622,0.7092884772777551,-0.12382170790103156,-1238.2170790103155
ALGO,2023-07-14,2023-07-21,0.12155148432585909,0.1151567463262577,-0.05260929584749593,-526.0929584749592
ALGO,2023-10-24,2023-10-31,0.09813439964491316,0.11241013775163317,0.14547129404546158,1454.7129404546158
ALGO,2023-12-02,2023-12-09,0.13918712840466482,0.18452504481808835,0.3257335425558218,3257.335425558218
ALGO,2023-12-10,2023-12-17,0.19952814515295217,0.1979697442109676,-0.007810431660104587,-78.10431660104587
ALGO,2024-02-29,2024-03-07,0.2109148018871386,0.2571272765404623,0.21910493829661226,2191.0493829661227
ALGO,2024-03-08,2024-03-15,0.2813666560924315,0.3120163505435101,0.10893150907337762,1089.3150907337763
ALGO,2024-11-07,2024-11-14,0.12171179540798656,0.14583322716893524,0.19818483229248185,1981.8483229248186
ALGO,2024-11-16,2024-11-23,0.1866035874216872,0.2591044815960471,0.3885289408210691,3885.289408210691
ALGO,2024-11-24,2024-12-01,0.29138030114472563,0.43977049566024456,0.5092663914909438,5092.663914909438
APT,2023-07-05,2023-07-12,7.744261298494201,7.036982888439589,-0.09132935767445448,-913.2935767445448
APT,2023-10-22,2023-10-29,5.545174295606529,6.841682671206045,0.2338084082635142,2338.084082635142
APT,2023-12-13,2023-12-20,9.14414516148199,8.084132036645364,-0.11592260469592434,-1159.2260469592434
APT,2024-02-16,2024-02-23,10.199132381311765,9.234022641640315,-0.09462665093354945,-946.2665093354946
APT,2024-02-29,2024-03-07,12.251033609794947,13.656240710998667,0.11470110571570294,1147.0110571570294
APT,2024-06-05,2024-06-12,9.150397933953943,7.972806596716008,-0.12869290994092214,-1286.9290994092214
APT,2024-10-02,2024-10-09,7.563038611217213,9.347065382884225,0.23588756627805785,2358.8756627805783
APT,2024-11-11,2024-11-18,10.90763858039695,11.745089957018543,0.07677659746873607,767.7659746873607
APT,2025-02-04,2025-02-11,6.488419602870012,6.179143284283235,-0.04766589362530983,-476.6589362530983
ARB,2023-07-15,2023-07-22,1.2119317483518162,1.234677820731257,0.01876844336355959,187.68443363559592
ARB,2023-10-24,2023-10-31,0.8809409828037982,0.9654733811237506,0.0959569369231847,959.569369231847
ARB,2023-11-10,2023-11-17,1.2121302548318993,1.0789967279630328,-0.10983434027668067,-1098.3434027668068
ARB,2023-12-23,2023-12-30,1.4348299303495406,1.50693175939261,0.050251132568376565,502.5113256837657
ARB,2024-01-04,2024-01-11,1.9048274598871038,2.2131431296238304,0.16186015596131736,1618.6015596131735
ARB,2024-03-01,2024-03-08,1.9466135856827638,2.166812050135945,0.11311873402750745,1131.1873402750746
ARB,2024-05-21,2024-05-28,1.1233047888767056,1.2314669417884836,0.09628922976455852,962.8922976455851
ARB,2024-07-24,2024-07-31,0.8004170569712292,0.6774875369496253,-0.15358183455855892,-1535.8183455855892
ARB,2024-10-02,2024-10-09,0.5515888342617594,0.5401645443132528,-0.02071160480214721,-207.11604802147212
ARB,2024-11-11,2024-11-18,0.6297956354921594,0.6727622702400412,0.0682231383110572,682.231383110572
ATOM,2023-10-11,2023-10-18,6.6826421824284665,6.436675764363586,-0.03680676165957709,-368.06761659577086
ATOM,2023-12-13,2023-12-20,11.718417297632675,10.383868366308144,-0.11388474206274703,-1138.8474206274702
ATOM,2024-03-05,2024-03-12,12.508881524395076,13.716893673296411,0.09657235513386596,965.7235513386596
ATOM,2024-10-22,2024-10-29,4.8957295520506365,4.4570697927946945,-0.08960048846493246,-896.0048846493246
ATOM,2024-11-11,2024-11-18,5.273559052109742,5.6793633617562955,0.07695074723477446,769.5074723477446
ATOM,2024-11-24,2024-12-01,8.209375576627263,8.61364243599376,0.04924453213195377,492.4453213195377
ATOM,2025-02-04,2025-02-11,4.916661332509227,4.811401797858911,-0.021408742138559287,-214.08742138559288
AVAX,2023-07-14,2023-07-21,14.073462407373563,13.846493472609415,-0.01612744100877631,-161.2744100877631
AVAX,2023-10-05,2023-10-12,10.105685766146895,9.29808469120272,-0.07991551425926617,-799.1551425926617
AVAX,2023-10-24,2023-10-31,10.55070668601382,11.449158906519685,0.08515564381074749,851.5564381074748
AVAX,2023-11-11,2023-11-18,14.801447320444513,21.90884496400873,0.48018261253054056,4801.826125305406
AVAX,2023-12-12,2023-12-19,38.200052884551354,41.01950353341805,0.07380750642905326,738.0750642905326
AVAX,2024-03-06,2024-03-13,39.71959804805571,55.46002082698899,0.3962885716992743,3962.885716992743
AVAX,2024-03-16,2024-03-23,58.24006767489954,53.074283220645896,-0.0886981190181551,-886.9811901815509
AVAX,2024-07-22,2024-07-29,32.61040915907487,27.40634047649637,-0.15958305390137378,-1595.8305390137377
AVAX,2024-11-07,2024-11-14,27.020498613843973,33.14066244989379,0.22650077348736064,2265.0077348736063
AVAX,2024-12-03,2024-12-10,52.08500792765977,45.188716534228334,-0.13240453765524252,-1324.045376552425
AVAX,2025-01-21,2025-01-28,35.781734985336136,34.16675754604066,-0.04513412890563636,-451.3412890563636
AVAX,2025-02-04,2025-02-11,28.384520680812535,25.58997652902764,-0.09845310347882533,-984.5310347882532
BCH,2023-06-22,2023-06-29,136.31071494739464,225.560881182121,0.6547553233006663,6547.5532330066635
BCH,2023-07-01,2023-07-08,306.66525762356423,277.97972451204686,-0.09354021167513293,-935.4021167513293
BCH,2023-09-29,2023-10-06,239.1902115397774,231.49366814832624,-0.03217750150353136,-321.7750150353136
BCH,2023-12-05,2023-12-12,251.05030409667108,230.23965297826416,-0.08289434738303857,-828.9434738303856
BCH,2023-12-28,2024-01-04,264.20647093266973,233.8860513954815,-0.1147603214643258,-1147.603214643258
BCH,2024-02-12,2024-02-19,276.34914883909545,270.4383670602451,-0.02138881846997068,-213.8881846997068
BCH,2024-02-28,2024-03-06,292.4067079935776,403.50454855281856,0.37994285877217676,3799.4285877217676
BCH,2024-04-05,2024-04-12,667.325142702978,614.3657481012631,-0.07936070621766882,-793.6070621766881
BCH,2024-09-20,2024-09-27,340.25876177040954,351.9585559262042,0.03438499010258887,343.8499010258887
BCH,2024-10-15,2024-10-22,366.8103518565058,363.84656075361977,-0.008079900384178506,-80.79900384178507
BCH,2024-11-11,2024-11-18,442.29943999574414,431.708713285051,-0.023944698439579908,-239.44698439579906
BCH,2024-11-22,2024-11-29,486.75125305013034,512.1385955985131,0.05215670712565817,521.5670712565817
BCH,2025-02-04,2025-02-11,352.8300293583465,328.80540048364907,-0.06809122488351803,-680.9122488351803
BGB,2023-10-25,2023-11-01,0.44363866161803894,0.48683509994555396,0.0973685164633059,973.685164633059
BGB,2023-11-07,2023-11-14,0.4730587763403522,0.5716639732244043,0.2084417451185992,2084.417451185992
BGB,2024-02-02,2024-02-09,0.6215499768466244,0.6335306153846961,0.019275422708330534,192.75422708330532
BGB,2024-02-16,2024-02-23,0.8714124710649965,1.0111488399625945,0.1603561729232762,1603.561729232762
BGB,2024-04-03,2024-04-10,1.1789704065977245,1.2772809798348546,0.08338680316907614,833.8680316907614
BGB,2024-05-29,2024-06-05,1.2485819145153325,1.3230135049218201,0.05961290127719017,596.1290127719017
BGB,2024-10-06,2024-10-13,1.0546574565790672,1.0811513277734097,0.025120830492470245,251.20830492470245
BGB,2024-10-19,2024-10-26,1.134574368873926,1.1511523081060007,0.014611593287206336,146.11593287206335
BGB,2024-11-26,2024-12-03,1.597441655202225,1.5842761655439637,-0.008241609084993282,-82.41609084993281
BGB,2024-12-07,2024-12-14,2.374074903221507,3.2384243625503752,0.3640784282568283,3640.784282568283
BNB,2023-10-25,2023-11-01,225.09316646086626,226.56541637204373,0.006540624641456764,65.40624641456763
BNB,2023-11-21,2023-11-28,253.37297951943324,227.22665873311735,-0.10319301148807196,-1031.9301148807197
BNB,2024-02-16,2024-02-23,355.02746003084934,382.1413995274651,0.07637138686190578,763.7138686190578
BNB,2024-03-06,2024-03-13,396.65672648040294,539.4042062887337,0.35987661440901664,3598.7661440901666
BNB,2024-03-14,2024-03-21,628.4543092213498,556.5082042653142,-0.1144810432522553,-1144.8104325225531
BNB,2024-05-22,2024-05-29,618.8192565287056,601.027199842003,-0.028751620928068638,-287.5162092806864
BNB,2024-11-07,2024-11-14,591.1691503275006,620.6711241408003,0.0499044542445356,499.044542445356
BNB,2024-12-05,2024-12-12,736.4426842404933,710.6900184753106,-0.03496900209110226,-349.69002091102254
BNB,2025-02-04,2025-02-11,616.4068055452193,617.6277634766806,0.0019807664686331927,19.807664686331925
BNSOL,2024-10-18,2024-10-25,151.24433322880517,178.56861186988817,0.1806631564816801,1806.631564816801
BNSOL,2024-11-07,2024-11-14,189.63185469006146,217.8043354645562,0.1485640733754383,1485.640733754383
BNSOL,2025-01-19,2025-01-26,267.74520075977233,264.2607051278273,-0.013014222559572278,-130.14222559572278
BONK,2023-10-18,2023-10-25,1.8511629395627987e-07,3.152931265994107e-07,0.7032165016974441,7032.165016974441
BONK,2023-10-26,2023-11-02,4.1755566657308083e-07,8.6170691924355e-07,1.0636935101747291,10636.93510174729
BONK,2023-11-10,2023-11-17,1.6561456121665114e-06,2.492808792457693e-06,0.50518696794824,5051.8696794824
BONK,2023-11-21,2023-11-28,3.905487200350109e-06,3.8022618028255854e-06,-0.02643086309827609,-264.3086309827609
BONK,2023-12-05,2023-12-12,6.2820766970555484e-06,1.1852797342662459e-05,0.8867641886986105,8867.641886986105
BONK,2023-12-15,2023-12-22,2.5489000294184263e-05,2.0762131685876784e-05,-0.18544739117861722,-1854.4739117861723
BONK,2024-02-28,2024-03-06,1.4875967170397865e-05,3.1258927215238736e-05,1.101303858578138,11013.03858578138
BONK,2024-05-22,2024-05-29,3.28739766079775e-05,4.119695793002034e-05,0.2531784159030857,2531.784159030857
BONK,2024-09-27,2024-10-04,2.0953855652174237e-05,1.9817993853685967e-05,-0.05420777050978726,-542.0777050978726
BONK,2024-11-11,2024-11-18,2.5324451196177707e-05,5.13698237079159e-05,1.0284674013259287,10284.674013259288
BONK,2025-01-19,2025-01-26,3.37313537477133e-05,2.933431979505978e-05,-0.1303545059454247,-1303.545059454247
BSC-USD,2024-03-06,2024-03-13,1.0068929627649488,1.0000965798386336,-0.006749856417361502,-67.49856417361502
BSC-USD,2024-06-06,2024-06-13,1.0014400597482342,0.9994845930979319,-0.0019526547108510322,-19.52654710851032
BSC-USD,2024-10-02,2024-10-09,0.9993820943626769,0.9989695582671945,-0.000412791161468127,-4.1279116146812695
BSC-USD,2024-11-07,2024-11-14,1.0007508488981394,1.0001864579805841,-0.0005639674632068888,-5.639674632068888
BSC-USD,2025-01-20,2025-01-27,1.011445337071955,0.9971947411398276,-0.014089338701566924,-140.89338701566925
BTC,2023-10-24,2023-10-31,32953.262760830985,34498.70391946407,0.046897970918680316,468.9797091868032
BTC,2024-02-29,2024-03-07,62558.58202419311,66145.91927850846,0.05734364715824332,573.4364715824332
BTC,2024-11-07,2024-11-14,75620.88606963192,90488.10007497849,0.1966019545401359,1966.019545401359
BTC,2025-01-21,2025-01-28,101764.90860170545,101958.46953745594,0.0019020400883772172,19.020400883772172
CBBTC,2024-12-06,2024-12-13,97084.79394824959,100101.10627019293,0.031068844041129376,310.68844041129375
CBBTC,2025-01-21,2025-01-28,102200.75511693499,101835.38594249527,-0.0035750144313677302,-35.7501443136773
CRO,2023-07-14,2023-07-21,0.060161280470488625,0.0593466973998572,-0.013539988914149004,-135.39988914149004
CRO,2023-08-02,2023-08-09,0.05965568254294842,0.058057950197937,-0.02678256750915809,-267.82567509158093
CRO,2023-10-13,2023-10-20,0.05096684018349313,0.05116631098668123,0.0039137369016787335,39.13736901678733
CRO,2023-11-08,2023-11-15,0.08027430233883916,0.087916771939276,0.09520443501555265,952.0443501555264
CRO,2024-02-14,2024-02-21,0.09041277175616452,0.0909303313631737,0.005724408144515175,57.24408144515175
CRO,2024-02-29,2024-03-07,0.10430112956503085,0.15804877713670662,0.5153122290795957,5153.122290795957
CRO,2024-09-23,2024-09-30,0.08578267687554315,0.08619345204062573,0.00478855615194363,47.8855615194363
CRO,2024-11-07,2024-11-14,0.08575906379147563,0.17286340832876848,1.0156867471068514,10156.867471068514
CRO,2025-01-20,2025-01-27,0.1314179440620093,0.13436541679720532,0.022428236541314803,224.28236541314803
CRV,2023-08-02,2023-08-09,0.6129262400946437,0.6003192543956526,-0.02056852011596766,-205.68520115967658
CRV,2023-11-02,2023-11-09,0.5195588668826686,0.573531666376887,0.10388197167734416,1038.8197167734415
CRV,2023-11-10,2023-11-17,0.5516004059743799,0.5719220864428595,0.03684130803454027,368.4130803454027
CRV,2024-02-24,2024-03-02,0.5932163942571109,0.6530973492704449,0.10094285254594718,1009.4285254594718
CRV,2024-03-05,2024-03-12,0.7702259368896237,0.8562575868335377,0.11169664097697433,1116.9664097697434
CRV,2024-05-22,2024-05-29,0.4826483084601251,0.49064329285141667,0.0165648242232514,165.64824223251398
CRV,2024-06-14,2024-06-21,0.2868258587735675,0.343142378557916,0.19634394201816788,1963.4394201816788
CRV,2024-11-13,2024-11-20,0.27887626891584827,0.4083183755940861,0.46415604734477206,4641.560473447721
CRV,2024-12-03,2024-12-10,0.7298017234550392,1.0641479828120906,0.4581330087495324,4581.330087495324
DAI,2023-10-24,2023-10-31,1.000716929826574,1.0002010967031019,-0.0005154635722625641,-5.154635722625641
DAI,2023-12-01,2023-12-08,0.9995720900831805,0.9988013486474063,-0.0007710713848663183,-7.710713848663183
DAI,2024-02-28,2024-03-06,0.9993630251003273,1.0020989799900553,0.0027376987351051263,27.376987351051262
DAI,2024-03-07,2024-03-14,1.0007313314858324,0.9999775760616915,-0.0007532045819148842,-7.532045819148841
DAI,2024-10-01,2024-10-08,1.000511047410521,0.9982608958783212,-0.0022490021854566287,-22.490021854566287
DAI,2024-11-15,2024-11-22,0.9996440852565507,1.0004685105525575,0.000824718825596022,8.24718825596022
DAI,2024-12-21,2024-12-28,1.0009020612162516,1.000520551084043,-0.0003811662968753088,-3.811662968753088
DAI,2025-01-22,2025-01-29,1.000342564621948,1.0002399799689474,-0.0001025495231618708,-1.025495231618708
DAI,2025-02-04,2025-02-11,1.0002403022258732,0.9998825976749062,-0.00035761861441800565,-3.5761861441800566
DEXE,2023-07-05,2023-07-12,2.674020847040194,2.2966332176342292,-0.14113114706031019,-1411.311470603102
DEXE,2023-10-27,2023-11-03,2.3756343500818438,2.3381676723272746,-0.01577123085178422,-157.7123085178422
DEXE,2023-11-10,2023-11-17,3.7105251796188465,3.3727683952106573,-0.09102667898965298,-910.2667898965299
DEXE,2024-02-24,2024-03-02,4.2748618932339415,6.638230832253918,0.5528526998171825,5528.526998171826
DEXE,2024-06-07,2024-06-14,14.061164095220562,12.017964529062366,-0.14530799529270028,-1453.0799529270028
DEXE,2024-07-20,2024-07-27,10.744658818856854,9.555869570619716,-0.11064001828990742,-1106.4001828990743
DEXE,2024-11-12,2024-11-19,9.851671728562804,9.470458225652724,-0.03869531115260712,-386.95311152607115
DEXE,2024-12-06,2024-12-13,10.581323403964928,9.847049571931132,-0.06939338341730078,-693.9338341730078
DEXE,2024-12-18,2024-12-25,8.162448123083625,14.92321637622616,0.8282770256172164,8282.770256172163
DEXE,2025-01-30,2025-02-06,16.19361688648252,20.721723170299246,0.279622910407157,2796.22910407157
DOGE,2023-07-14,2023-07-21,0.0705333317221645,0.07059646723316527,0.0008951159609115062,8.951159609115063
DOGE,2023-07-25,2023-08-01,0.07443111396316238,0.07787250121798182,0.04623586926997582,462.3586926997582
DOGE,2023-10-24,2023-10-31,0.0669854980911057,0.06967055369779693,0.040084132882603006,400.84132882603006
DOGE,2023-11-12,2023-11-19,0.0783785235341219,0.08018985915218003,0.02311010129285695,231.1010129285695
DOGE,2023-12-07,2023-12-14,0.09475884460943315,0.09641173021896957,0.017443074747788462,174.43074747788464
DOGE,2024-02-28,2024-03-06,0.09822705397960395,0.1557745639957971,0.5858621192909075,5858.621192909075
DOGE,2024-09-27,2024-10-04,0.11814514127922089,0.10503240487770349,-0.11098836786294183,-1109.8836786294182
DOGE,2024-10-17,2024-10-24,0.12568987094844378,0.13989987665552944,0.11305609274524922,1130.5609274524923
DOGE,2024-10-29,2024-11-05,0.1610750096019228,0.1581515101721086,-0.01814992553493729,-181.4992553493729
DOGE,2024-11-07,2024-11-14,0.19605447298033848,0.39947694403435763,1.037581382162189,10375.81382162189
DOT,2023-10-24,2023-10-31,4.330218717603721,4.52085929536047,0.044025623228160386,440.25623228160384
DOT,2023-12-10,2023-12-17,7.1258264546282994,7.0855773694716335,-0.0056483392365700566,-56.48339236570057
DOT,2023-12-22,2023-12-29,8.324935373033068,8.457237828847976,0.01589231025666283,158.9231025666283
DOT,2024-02-29,2024-03-07,8.372808971552022,10.50851861720559,0.25507683895691263,2550.768389569126
DOT,2024-10-02,2024-10-09,4.1579974312564305,4.09699617427888,-0.014670826037311322,-146.70826037311323
DOT,2024-11-07,2024-11-14,4.117509650834854,5.087419736545952,0.2355574529168237,2355.574529168237
DOT,2024-11-24,2024-12-01,8.480573617515835,8.987536871473994,0.05977935889985943,597.7935889985943
DOT,2025-02-04,2025-02-11,5.177344192231989,4.835423126063689,-0.06604178773381797,-660.4178773381797
ENA,2024-09-25,2024-10-02,0.3217005252886356,0.3548397336563052,0.10301260259968971,1030.1260259968972
ENA,2024-10-16,2024-10-23,0.427218272732783,0.3852127006868211,-0.09832344430697043,-983.2344430697043
ENA,2024-11-08,2024-11-15,0.5096538944002925,0.5407094748647908,0.06093464762207157,609.3464762207157
ENA,2025-01-21,2025-01-28,0.8788909852100846,0.7490970184463935,-0.147679255957627,-1476.79255957627
EOS,2023-10-04,2023-10-11,0.5848493601891809,0.542828309343198,-0.07184935764038507,-718.4935764038506
EOS,2024-02-21,2024-02-28,0.8013858891056269,0.8354633542930042,0.0425231659936125,425.23165993612497
EOS,2024-02-29,2024-03-07,0.8322086906110042,1.066963432958631,0.28208638649912543,2820.863864991254
EOS,2024-03-08,2024-03-15,1.250171497873042,1.139896937868238,-0.08820754607861227,-882.0754607861227
EOS,2024-07-23,2024-07-30,0.5821498846057221,0.5740435470689608,-0.013924828899092934,-139.24828899092935
EOS,2024-11-07,2024-11-14,0.45532508035119457,0.54833730133403,0.204276515827098,2042.76515827098
EOS,2024-11-25,2024-12-02,0.848756683810886,1.111436871073762,0.3094882105475174,3094.8821054751743
EOS,2024-12-03,2024-12-10,1.1137556811937042,1.0591767160187264,-0.04900443256682735,-490.0443256682735
ETC,2023-07-01,2023-07-08,21.166793856320304,19.192629907667083,-0.09326702768750898,-932.6702768750898
ETC,2023-10-01,2023-10-08,16.363922396658385,15.665582516906804,-0.04267558002439477,-426.7558002439477
ETC,2023-10-25,2023-11-01,16.467556014634354,17.544063818940188,0.06537143722779294,653.7143722779294
ETC,2023-11-10,2023-11-17,20.610866039241298,19.318640449335703,-0.0626963266582447,-626.9632665824471
ETC,2023-12-29,2024-01-05,22.52841257867938,20.493564495244115,-0.09032363360395043,-903.2363360395043
ETC,2024-01-11,2024-01-18,26.01878534251085,26.144898098526433,0.0048469886028666325,48.46988602866632
ETC,2024-02-29,2024-03-07,29.704052380357858,37.150341782474435,0.2506826108023066,2506.826108023066
ETC,2024-05-21,2024-05-28,32.298580563237785,31.962576445703636,-0.010403061424828934,-104.03061424828934
ETC,2024-07-23,2024-07-30,23.469848921239006,22.861412915764433,-0.025924155179540578,-259.24155179540577
ETC,2024-11-07,2024-11-14,19.646090104090238,22.076960810799566,0.1237330529296122,1237.330529296122
ETC,2024-11-17,2024-11-24,26.733984669479366,29.538006102978326,0.1048860268368504,1048.860268368504
ETC,2025-01-24,2025-01-31,28.96686969673848,26.280593853794688,-0.09273614550233068,-927.3614550233068
ETC,2025-02-04,2025-02-11,22.001498165284136,20.642692026474684,-0.061759709661658134,-617.5970966165813
ETH,2023-10-24,2023-10-31,1764.9303085804013,1809.639301345049,0.025331874322340152,253.31874322340153
ETH,2023-11-10,2023-11-17,2128.6095039438633,1962.243839589886,-0.07815696775088946,-781.5696775088945
ETH,2024-01-11,2024-01-18,2588.769163919145,2528.3287854519394,-0.023347148640979844,-233.47148640979844
ETH,2024-03-06,2024-03-13,3581.5348849085663,3978.685771378112,0.11088845962188208,1108.884596218821
ETH,2024-05-21,2024-05-28,3656.390090299324,3893.3921058941055,0.06481858055122877,648.1858055122877
ETH,2024-11-07,2024-11-14,2720.6217450068793,3191.8991843987947,0.17322416843019228,1732.2416843019228
ETH,2025-01-20,2025-01-27,3208.1365439891497,3232.2767744705584,0.007524689223916759,75.24689223916758
ETH,2025-02-04,2025-02-11,2877.8138239498767,2660.2967996436387,-0.07558411961747062,-755.8411961747062
FARTCOIN,2024-12-12,2024-12-19,0.5431795801309437,0.7919911873418909,0.45806509727587047,4580.6509727587045
FARTCOIN,2024-12-20,2024-12-27,1.0852999118326145,0.978088136439276,-0.09878539030958093,-987.8539030958093
FARTCOIN,2025-01-19,2025-01-26,1.7354973091724928,1.328935229001619,-0.2342625816946543,-2342.625816946543
FET,2023-10-21,2023-10-28,0.2180955171286531,0.3183700861149164,0.4597736363701231,4597.73636370123
FET,2023-12-14,2023-12-21,0.6266867156026552,0.7318287420561977,0.16777446184164344,1677.7446184164344
FET,2024-02-17,2024-02-24,0.7063520099213733,1.06006555723153,0.5007610119910751,5007.610119910752
FET,2024-05-23,2024-05-30,2.5256593829307032,2.190197419044583,-0.13282153807171723,-1328.2153807171724
FET,2024-10-02,2024-10-09,1.48728354455847,1.4241224184511905,-0.04246744095190684,-424.6744095190684
FET,2024-11-07,2024-11-14,1.413006262247104,1.269316608437701,-0.10169074097441956,-1016.9074097441957
FET,2025-02-04,2025-02-11,0.8643633195587285,0.7676731042936291,-0.1118629320300881,-1118.6293203008809
FIL,2023-07-04,2023-07-11,4.727942875910546,4.312192994602757,-0.08793462446978503,-879.3462446978504
FIL,2023-10-24,2023-10-31,3.8664027133803276,3.860524521229476,-0.0015203258911725016,-15.203258911725015
FIL,2023-11-14,2023-11-21,5.036017344024001,4.684796939755789,-0.06974169870264402,-697.4169870264402
FIL,2023-12-17,2023-12-24,5.699222697264687,5.629263523889577,-0.012275213145941159,-122.75213145941159
FIL,2024-01-01,2024-01-08,6.924756783997102,5.598402529183686,-0.19153802742625986,-1915.3802742625985
FIL,2024-02-18,2024-02-25,6.196271441673858,8.075466698653939,0.30327839486522495,3032.7839486522494
FIL,2024-06-08,2024-06-15,6.112653880717134,5.092070863262507,-0.1669623435860059,-1669.6234358600589
FIL,2024-07-23,2024-07-30,4.51946389002452,4.4369631048404115,-0.01825455124582505,-182.5455124582505
FIL,2024-11-07,2024-11-14,3.717852107704394,4.073257346549032,0.09559423789562321,955.9423789562321
FIL,2024-11-24,2024-12-01,5.38035239031457,7.1081451807521425,0.32113004225296743,3211.3004225296745
FIL,2025-02-04,2025-02-11,3.506147508541185,3.4202852510531216,-0.02448906022319307,-244.89060223193073
FLR,2023-06-24,2023-07-01,0.016849277134052317,0.014699450806674848,-0.12759160587564197,-1275.9160587564197
FLR,2023-07-14,2023-07-21,0.015262429396310628,0.014004008252320115,-0.08245221722661727,-824.5221722661728
FLR,2023-09-20,2023-09-27,0.01167185081266868,0.01091169936245025,-0.06512689910269906,-651.2689910269906
FLR,2023-10-23,2023-10-30,0.009185086301803529,0.010665142646362365,0.1611369012687689,1611.369012687689
FLR,2023-12-02,2023-12-09,0.014744875111552517,0.014617859505763421,-0.008614220522599032,-86.14220522599032
FLR,2023-12-10,2023-12-17,0.020398348462992082,0.018028143763162974,-0.11619591184694572,-1161.9591184694573
FLR,2024-02-24,2024-03-02,0.040689391473966344,0.04622781561671168,0.13611469579949112,1361.1469579949112
FLR,2024-04-01,2024-04-08,0.0404381051773821,0.04107724143780586,0.015805296949997723,158.05296949997722
FLR,2024-06-07,2024-06-14,0.030048261104329378,0.027387987472302103,-0.08853336380400333,-885.3336380400333
FLR,2024-09-29,2024-10-06,0.016534551335600164,0.015333537364100045,-0.07263662297955695,-726.3662297955694
FLR,2024-11-09,2024-11-16,0.01351493385427527,0.018295592812024447,0.35373158383878284,3537.3158383878285
FLR,2024-11-17,2024-11-24,0.022121322429299924,0.022788027179102076,0.03013855758094706,301.3855758094706
FLR,2025-01-18,2025-01-25,0.02997905819328465,0.026497560947162605,-0.11613097461820553,-1161.3097461820553
FTN,2023-06-22,2023-06-29,0.8497321540926213,0.84724064166147,-0.0029321150425475535,-29.321150425475533
FTN,2023-07-07,2023-07-14,0.9033854366656511,0.9090311554744085,0.006249512754595062,62.49512754595062
FTN,2023-09-29,2023-10-06,1.1073316278447496,1.068691024251325,-0.034895240614261656,-348.95240614261655
FTN,2023-10-28,2023-11-04,1.2086997708459217,1.205844709404949,-0.0023620931432581146,-23.620931432581145
FTN,2023-12-05,2023-12-12,1.306882643875319,1.3360283974638958,0.02230173743998199,223.01737439981991
FTN,2024-01-07,2024-01-14,1.5033031817629985,1.4163020285922416,-0.0578733247066811,-578.733247066811
FTN,2024-02-21,2024-02-28,1.642585037245049,1.7328351832644897,0.05494397183284261,549.4397183284261
FTN,2024-02-29,2024-03-07,1.7708528102492533,1.7270907415713028,-0.024712425801097983,-247.12425801097982
FTN,2024-03-16,2024-03-23,1.8437661161177288,1.7843385127741356,-0.03223163872255401,-322.3163872255401
FTN,2024-07-16,2024-07-23,2.32503891913926,2.322009076463143,-0.0013031363265259739,-13.031363265259738
FTN,2024-09-20,2024-09-27,2.290032938711616,2.297158029246384,0.0031113484938677625,31.113484938677626
FTN,2024-11-07,2024-11-14,2.9042582573278346,3.1483225981825287,0.08403672099025178,840.3672099025177
GRT,2023-07-03,2023-07-10,0.11816746261607747,0.11557271374930926,-0.021958234604719132,-219.58234604719132
GRT,2023-10-24,2023-10-31,0.09094167735039725,0.10957193426950189,0.20485939408531545,2048.5939408531544
GRT,2023-11-07,2023-11-14,0.15447684513341195,0.12471129453823035,-0.1926861632206106,-1926.8616322061062
GRT,2023-12-23,2023-12-30,0.19042672331399466,0.18123246151757028,-0.0482824134996219,-482.824134996219
GRT,2024-02-17,2024-02-24,0.19381000719004754,0.265772292223312,0.37130324732251413,3713.032473225141
GRT,2024-03-10,2024-03-17,0.45508472541864087,0.3669495244908711,-0.19366767550084782,-1936.6767550084783
GRT,2024-09-24,2024-10-01,0.17468013688097583,0.1753632801694274,0.003910824096256851,39.10824096256851
GRT,2024-11-11,2024-11-18,0.17829213234179284,0.19196875914451242,0.076709087625364,767.0908762536401
GRT,2024-11-20,2024-11-27,0.23403580223267642,0.242036637295354,0.03418637228300312,341.8637228300312
GRT,2025-01-21,2025-01-28,0.20187736294766315,0.1770744017020739,-0.12286152782776066,-1228.6152782776066
GT,2023-09-29,2023-10-06,3.7102410250261104,3.733023874714873,0.006140530907585022,61.40530907585022
GT,2023-10-24,2023-10-31,3.882324769936908,3.8297566334923676,-0.013540375821107514,-135.40375821107514
GT,2023-12-16,2023-12-23,5.265422781486998,5.3777869024997305,0.021339999782695532,213.3999978269553
GT,2024-02-29,2024-03-07,5.027233923624388,5.164766887314943,0.027357581879022597,273.575818790226
GT,2024-03-11,2024-03-18,6.047008039125414,7.09828619103718,0.1738509598647422,1738.5095986474219
GT,2024-03-27,2024-04-03,8.711824116826199,8.575642827031746,-0.01563177676319575,-156.3177676319575
GT,2024-07-23,2024-07-30,7.727340761845942,7.579854484172097,-0.019086291418914002,-190.86291418914
GT,2024-09-24,2024-10-01,8.787341784814902,8.69007804666548,-0.011068618989817878,-110.68618989817878
GT,2024-11-07,2024-11-14,8.924488591601214,9.55539427772207,0.07069376353000195,706.9376353000196
GT,2024-11-24,2024-12-01,10.873279530418179,11.40831076727159,0.04920605925348032,492.0605925348032
GT,2024-12-04,2024-12-11,12.884299809881583,11.904068258510032,-0.07607953601170975,-760.7953601170975
GT,2024-12-27,2025-01-03,15.386307376330299,17.457116805571612,0.1345878110057106,1345.878110057106
GT,2025-01-28,2025-02-04,24.683592384577523,21.83605909178777,-0.11536138048402185,-1153.6138048402186
HBAR,2023-06-21,2023-06-28,0.048950994355076306,0.05053629990532103,0.03238556378947852,323.8556378947852
HBAR,2023-07-21,2023-07-28,0.05720780536091894,0.05182982798030257,-0.09400775552719058,-940.0775552719058
HBAR,2023-10-25,2023-11-01,0.05136873814859911,0.052502745190280455,0.022075820480559557,220.75820480559557
HBAR,2024-01-03,2024-01-10,0.09715154551899263,0.07732194776358725,-0.2041099567636708,-2041.0995676367081
HBAR,2024-02-20,2024-02-27,0.11074113022099256,0.11175575881601302,0.009162165791478582,91.62165791478583
HBAR,2024-10-16,2024-10-23,0.05593058167207267,0.05251673266391519,-0.06103725200237075,-610.3725200237075
HBAR,2024-11-11,2024-11-18,0.054903545562940796,0.0902001124422915,0.6428831966578027,6428.831966578027
HBAR,2024-11-19,2024-11-26,0.1427295871083163,0.13472689244203037,-0.05606892606094868,-560.6892606094868
HBAR,2024-12-03,2024-12-10,0.3101639358431129,0.2816425257331536,-0.09195592012472394,-919.5592012472393
HYPE,2025-02-04,2025-02-11,25.12064644668724,23.320350814238573,-0.0716659754863147,-716.659754863147
ICP,2023-10-24,2023-10-31,3.5072048219842635,4.042501654542682,0.15262776476669096,1526.2776476669096
ICP,2023-11-14,2023-11-21,4.544587485057568,4.527720229345262,-0.003711504238341733,-37.11504238341733
ICP,2023-12-05,2023-12-12,5.09591882430153,5.281486062779547,0.03641487332825624,364.14873328256243
ICP,2023-12-16,2023-12-23,7.2136551918021885,9.302614366000565,0.28958400681146107,2895.840068114611
ICP,2024-01-01,2024-01-08,13.311881324405665,11.268579126725923,-0.15349462242677925,-1534.9462242677926
ICP,2024-02-29,2024-03-07,12.635172805819384,15.309204282615429,0.21163394580282008,2116.3394580282006
ICP,2024-11-07,2024-11-14,7.878585488055407,8.504521606376668,0.07944777895349779,794.4777895349779
IMX,2023-06-30,2023-07-07,0.6989543142566517,0.6945524878753093,-0.0062977311843675395,-62.977311843675395
IMX,2023-07-09,2023-07-16,0.7032447617020087,0.7498765305819167,0.06630944362393658,663.0944362393658
IMX,2023-07-29,2023-08-05,0.7444709557076542,0.7385156712104717,-0.007999351017692488,-79.99351017692489
IMX,2024-02-11,2024-02-18,2.777636639596167,3.1782443705900647,0.14422611124979295,1442.2611124979296
IMX,2024-05-16,2024-05-23,2.3524070489179087,2.519968221089211,0.07122966760721924,712.2966760721924
IMX,2024-09-18,2024-09-25,1.3925059052229265,1.7828295281364255,0.28030302884138364,2803.0302884138364
IMX,2024-11-02,2024-11-09,1.1112790042578249,1.197716622407204,0.07778210316058932,777.8210316058933
IMX,2024-11-10,2024-11-17,1.2944115719786815,1.3683456547891502,0.05711790933501197,571.1790933501197
INJ,2023-07-15,2023-07-22,9.32871612095552,8.980107772903027,-0.037369381116593034,-373.69381116593036
INJ,2023-10-20,2023-10-27,8.446525624646394,12.120013384083448,0.4349111010470462,4349.111010470462
INJ,2023-12-12,2023-12-19,23.9901169654775,36.792451210794816,0.5336503470883556,5336.503470883556
INJ,2024-02-29,2024-03-07,43.526913535867976,38.84881296165663,-0.10747604629389587,-1074.7604629389587
INJ,2024-03-13,2024-03-20,51.555334878693785,35.95835700443982,-0.3025288830138064,-3025.2888301380644
INJ,2024-06-08,2024-06-15,27.74244870338194,26.149126828274273,-0.057432633007389586,-574.3263300738959
INJ,2024-10-02,2024-10-09,20.738750820317183,19.470007316460197,-0.06117743131442768,-611.7743131442768
INJ,2024-10-18,2024-10-25,21.26536170562451,20.38375499216558,-0.04145740503561486,-414.57405035614863
INJ,2025-02-04,2025-02-11,16.027535034149082,14.541323687543493,-0.09272862879032814,-927.2862879032814
JLP,2024-02-29,2024-03-07,2.2714553306642817,2.389707180099623,0.05205994933686792,520.5994933686792
JLP,2024-07-26,2024-08-02,3.1734622718670624,3.241498785441367,0.0214392066915219,214.392066915219
JLP,2024-11-07,2024-11-14,3.72419870945765,3.976605881115798,0.06777489370187384,677.7489370187384
JLP,2024-12-06,2024-12-13,4.168466901477604,4.253474874084573,0.020393102456165914,203.93102456165914
JLP,2025-01-19,2025-01-26,4.834164040007404,4.8900660251241685,0.011563940456741093,115.63940456741093
JUP,2024-03-08,2024-03-15,0.7518799816131013,0.9401563568582096,0.25040748503660876,2504.0748503660875
JUP,2024-03-16,2024-03-23,1.202903994426789,1.2206278729920157,0.014734242007129219,147.3424200712922
JUP,2024-10-16,2024-10-23,0.8772082285989796,0.987966198177178,0.12626189081136854,1262.6189081136854
JUP,2024-10-24,2024-10-31,1.0705778123410967,1.0101489403460688,-0.056445100298580304,-564.451002985803
JUP,2025-01-19,2025-01-26,1.1470878371720243,0.968531985478739,-0.15566013857621264,-1556.6013857621263
KAS,2023-07-17,2023-07-24,0.03256936945033146,0.04021295760901457,0.23468640282826594,2346.8640282826595
KAS,2023-11-05,2023-11-12,0.05923883566898716,0.08870673752739996,0.49744228639253796,4974.42286392538
KAS,2023-11-17,2023-11-24,0.12514746950198735,0.12582631454464538,0.005424360918837813,54.24360918837813
KAS,2024-02-18,2024-02-25,0.16377154118206863,0.16951944849298697,0.03509710703966729,350.9710703966729
KAS,2024-06-04,2024-06-11,0.16910536918618926,0.16185417222643886,-0.042879755945339944,-428.79755945339946
KAS,2024-08-01,2024-08-08,0.2052753662059225,0.15239031755562993,-0.2576297859200543,-2576.297859200543
KAS,2024-11-10,2024-11-17,0.13450951291963437,0.14598513171477587,0.0853145517075648,853.1455170756481
KAS,2025-01-20,2025-01-27,0.12397820097241527,0.12831056665360446,0.03494457612070956,349.4457612070956
KAS,2025-02-04,2025-02-11,0.11034121618772265,0.09284559323858722,-0.15855927235177705,-1585.5927235177705
KCS,2023-10-24,2023-10-31,4.542767182933077,4.63476085384378,0.020250580143379927,202.50580143379926
KCS,2023-11-06,2023-11-13,5.339754276753734,6.199914200094826,0.16108604979928404,1610.8604979928405
KCS,2023-12-15,2023-12-22,11.585328540162065,10.85876911554869,-0.06271375231998486,-627.1375231998486
KCS,2023-12-28,2024-01-04,11.05772349037145,10.058869141617341,-0.09033092115423792,-903.3092115423792
KCS,2024-02-12,2024-02-19,10.589740788596206,10.516312301789988,-0.00693392673834768,-69.3392673834768
KCS,2024-02-24,2024-03-02,10.427662002093056,12.441832723592283,0.1931565024925951,1931.565024925951
KCS,2024-03-07,2024-03-14,13.177973240050012,15.617986167869129,0.18515843698965176,1851.5843698965175
KCS,2024-03-17,2024-03-24,14.348777857260334,13.982593598731983,-0.02552024027210553,-255.20240272105528
KCS,2024-09-19,2024-09-26,7.427853753746716,8.038115987070972,0.0821586226056794,821.586226056794
KCS,2024-09-28,2024-10-05,8.182149109402317,7.795546070657147,-0.04724957142383475,-472.4957142383475
KCS,2024-11-13,2024-11-20,11.04684346161142,10.851225747831304,-0.017708018988401707,-177.08018988401707
KCS,2024-11-22,2024-11-29,11.074738148012708,11.599777018638946,0.04740869387692503,474.08693876925025
KCS,2025-01-20,2025-01-27,10.46045262712831,13.160130007184579,0.25808418395346305,2580.8418395346307
KCS,2025-02-02,2025-02-09,13.552299962737685,12.136579205000439,-0.10446350520795715,-1044.6350520795716
LEO,2023-07-01,2023-07-08,3.9457533429482066,3.8774795749850246,-0.017303100835028083,-173.03100835028084
LEO,2023-07-23,2023-07-30,4.054565064336804,3.982284697309819,-0.017826910132174,-178.26910132173998
LEO,2023-10-20,2023-10-27,3.933847359076931,3.9728918837363145,0.00992527698597469,99.25276985974689
LEO,2023-12-13,2023-12-20,3.722697497837213,3.8323187993111234,0.02944673896753564,294.4673896753564
LEO,2024-02-04,2024-02-11,4.013231568616163,4.146796601792985,0.033281167780427334,332.81167780427336
LEO,2024-02-29,2024-03-07,4.2456616320243015,5.42078351290461,0.27678180286826537,2767.8180286826537
LEO,2024-07-22,2024-07-29,5.6623325575361205,5.8495594792151895,0.033065334785023284,330.6533478502328
LEO,2025-01-18,2025-01-25,9.761246315586474,9.711887681287358,-0.0050565914129532515,-50.565914129532516
LINK,2023-07-21,2023-07-28,8.355283868525229,7.986134503564513,-0.044181546763637815,-441.8154676363782
LINK,2023-10-22,2023-10-29,8.897063795115772,10.919137940512952,0.22727432240142417,2272.7432240142416
LINK,2024-02-02,2024-02-09,17.124666110606697,18.218120685365356,0.06385260697616724,638.5260697616724
LINK,2024-05-17,2024-05-24,15.500365228997573,16.588429833529233,0.07019606238026857,701.9606238026857
LINK,2024-11-07,2024-11-14,12.155657551065481,13.46073495381475,0.10736378490975794,1073.6378490975794
LINK,2024-12-03,2024-12-10,24.990546025953066,22.313161734273404,-0.10713588606263973,-1071.3588606263972
LINK,2025-01-20,2025-01-27,24.411071164697983,24.892077186534042,0.01970442094043234,197.0442094043234
LINK,2025-02-04,2025-02-11,21.617123404580568,18.735439268388735,-0.13330562453935094,-1333.0562453935095
LTC,2023-10-24,2023-10-31,68.9770232226695,69.23738187420952,0.0037745707103006595,37.745707103006595
LTC,2023-11-10,2023-11-17,73.64998528363532,71.24815321738458,-0.03261143986656586,-326.1143986656586
LTC,2024-01-13,2024-01-20,73.09047200904168,71.14433649125357,-0.026626391433720118,-266.2639143372012
LTC,2024-02-28,2024-03-06,74.0325202753105,82.42212247970396,0.11332320138763867,1133.2320138763866
LTC,2024-03-30,2024-04-06,109.27095373121986,98.16818676897142,-0.10160766958764322,-1016.0766958764323
LTC,2024-10-16,2024-10-23,70.7688808251603,69.84009781025821,-0.013124172716489711,-131.2417271648971
LTC,2024-11-11,2024-11-18,76.51673978813817,86.99365894607126,0.13692322996172998,1369.2322996172998
LTC,2024-12-03,2024-12-10,134.20913087977684,110.7153849650254,-0.17505326024200918,-1750.5326024200917
MKR,2023-07-01,2023-07-08,830.3403602316171,937.6041797749456,0.12918054412459018,1291.8054412459019
MKR,2023-07-22,2023-07-29,1097.4357180535137,1180.690304928563,0.07586283688917576,758.6283688917576
MKR,2023-12-29,2024-01-05,1557.0676500821764,1777.6571394632078,0.14166981721660551,1416.6981721660552
MKR,2024-03-06,2024-03-13,2007.5504623795978,2633.98628429777,0.3120398882405391,3120.398882405391
MKR,2024-09-28,2024-10-05,1706.5512605214703,1461.3628469275557,-0.14367480149350598,-1436.7480149350597
MKR,2024-11-07,2024-11-14,1385.4231379565315,1484.463077570697,0.07148714129334315,714.8714129334314
MKR,2024-12-04,2024-12-11,2308.0852049958194,1764.5708650120816,-0.2354827884201624,-2354.827884201624
MKR,2025-02-04,2025-02-11,986.7144724004319,975.8344842039553,-0.011026480811625534,-110.26480811625534
MNT,2023-10-24,2023-10-31,0.380907200695263,0.37954520626979743,-0.003575659433530164,-35.75659433530164
MNT,2023-11-10,2023-11-17,0.45791584968954635,0.48435921342072313,0.0577472121768762,577.472121768762
MNT,2023-12-19,2023-12-26,0.5696091124831892,0.6082379805886873,0.06781645036733516,678.1645036733516
MNT,2023-12-30,2024-01-06,0.6592326983981103,0.6089913783689748,-0.0762118143581446,-762.118143581446
MNT,2024-01-11,2024-01-18,0.7760800354771815,0.7113208684212287,-0.0834439285841633,-834.439285841633
MNT,2024-02-29,2024-03-07,0.9470914236446377,0.9767017539512909,0.0312644899609643,312.644899609643
MNT,2024-06-07,2024-06-14,1.040116598582629,0.8949348392368299,-0.13958219640340216,-1395.8219640340217
MNT,2024-11-07,2024-11-14,0.6011202198148713,0.7060706951955803,0.17459149088851295,1745.9149088851295
MNT,2024-12-05,2024-12-12,1.0522798316607027,1.3580827361852614,0.2906098694697418,2906.098694697418
NEAR,2023-06-27,2023-07-04,1.4855439882578887,1.4531058867305995,-0.021835840462273805,-218.35840462273805
NEAR,2023-10-24,2023-10-31,1.0975829843314528,1.3233187938543378,0.205666280131322,2056.66280131322
NEAR,2023-11-02,2023-11-09,1.5278310293236201,1.4778289598794387,-0.03272748653777349,-327.2748653777349
NEAR,2023-12-21,2023-12-28,2.8421940734571747,4.089891178104164,0.4389908192051507,4389.908192051507
NEAR,2024-02-13,2024-02-20,3.3943535960319755,3.5366584986311946,0.041924006610735726,419.2400661073573
NEAR,2024-02-27,2024-03-05,4.094397328068344,4.346338841428037,0.061533235094834826,615.3323509483482
NEAR,2024-03-07,2024-03-14,5.8463939652913455,7.760534360870983,0.32740530435400605,3274.0530435400606
NEAR,2024-09-24,2024-10-01,5.168537682843755,5.28073635232926,0.021708010344576464,217.08010344576465
NEAR,2024-11-11,2024-11-18,4.717566146158925,5.700626388210676,0.20838292704219222,2083.829270421922
NEAR,2025-02-04,2025-02-11,3.7652795011643603,3.2017433915783275,-0.1496664748026719,-1496.664748026719
NEXO,2023-10-24,2023-10-31,0.6019099207154098,0.6354941372628358,0.05579608408432423,557.9608408432423
NEXO,2023-11-10,2023-11-17,0.7482051964338217,0.7265587375975977,-0.028931179493804245,-289.31179493804245
NEXO,2023-12-29,2024-01-05,0.8767841574117334,0.9269315794960563,0.057194717377601866,571.9471737760186
NEXO,2024-02-13,2024-02-20,0.9995244609361194,1.1620357018634686,0.16258855813808396,1625.8855813808395
NEXO,2024-02-29,2024-03-07,1.316752273900767,1.429897364125267,0.0859273930769963,859.273930769963
NEXO,2024-07-23,2024-07-30,1.22340448185093,1.1980392149721881,-0.0207333447400535,-207.333447400535
NEXO,2024-09-21,2024-09-28,1.0417273091808235,1.0617510464351068,0.019221668739806047,192.21668739806046
NEXO,2024-10-30,2024-11-06,1.0169425436819153,0.9652310713353709,-0.05084994493328915,-508.49944933289146
NEXO,2024-11-07,2024-11-14,1.040862022326533,1.177559912961219,0.13133142309212048,1313.3142309212049
NEXO,2025-02-04,2025-02-11,1.4114017176958638,1.3318969423298044,-0.05633036602495583,-563.3036602495583
OKB,2023-10-18,2023-10-25,46.097095366473404,46.29759544050386,0.004349516437781514,43.495164377815136
OKB,2023-11-06,2023-11-13,52.71422443511844,60.0171943892556,0.13853888646556453,1385.3888646556454
OKB,2023-11-15,2023-11-22,59.49152130863388,56.631465731348285,-0.04807501160456152,-480.7501160456152
OKB,2024-03-04,2024-03-11,58.13020806931344,67.00612878633856,0.15269033110016797,1526.9033110016796
OKB,2024-09-20,2024-09-27,40.36088104161603,42.28956010255998,0.04778585132854983,477.8585132854983
OKB,2024-10-30,2024-11-06,39.486173130404886,37.986786942398346,-0.03797243615011129,-379.7243615011129
OKB,2024-11-07,2024-11-14,39.237542024165286,43.65678199246291,0.11262784925661093,1126.2784925661092
OKB,2024-11-24,2024-12-01,51.20696521559994,54.04222965660922,0.05536872628697649,553.6872628697649
OKB,2024-12-05,2024-12-12,58.15513878254121,55.162919184394056,-0.05145236793838497,-514.5236793838498
OKB,2025-01-18,2025-01-25,58.49974341465606,55.299344429388555,-0.054707914914814866,-547.0791491481486
ONDO,2024-03-21,2024-03-28,0.657634314547571,0.8675966709598902,0.3192691618544355,3192.6916185443547
ONDO,2024-09-18,2024-09-25,0.5969406373765852,0.779071214090373,0.30510668115042267,3051.0668115042267
ONDO,2024-11-11,2024-11-18,0.8438719194912455,0.9248072398343363,0.09590948397937592,959.0948397937592
ONDO,2024-12-04,2024-12-11,1.6486187500751817,1.7260373810739393,0.04695969337679022,469.5969337679022
ONDO,2025-01-19,2025-01-26,1.309045006263973,1.4361296462211222,0.0970819485571776,970.819485571776
ONDO,2025-02-04,2025-02-11,1.4008664187829059,1.3278729888841856,-0.0521059173951347,-521.059173951347
OP,2023-07-15,2023-07-22,1.4420161125375899,1.5073060123463045,0.045276817118097654,452.76817118097654
OP,2023-10-24,2023-10-31,1.353171605863951,1.4204722454341745,0.04973548017012563,497.3548017012563
OP,2023-11-10,2023-11-17,1.7422670654435197,1.8004764227292758,0.033410123189660364,334.1012318966036
OP,2023-12-08,2023-12-15,2.1780496299102836,2.2587425754803774,0.03704825843358657,370.4825843358657
OP,2023-12-23,2023-12-30,3.509716392048506,3.9083658710889897,0.11358452778225905,1135.8452778225906
OP,2024-02-21,2024-02-28,4.063307963884089,3.703246521610601,-0.08861288523385948,-886.1288523385948
OP,2024-03-06,2024-03-13,4.502744021893343,4.357473832287274,-0.032262591188780144,-322.62591188780146
OP,2024-10-02,2024-10-09,1.6649652057411988,1.6343922346565098,-0.018362528525680898,-183.62528525680898
OP,2024-11-07,2024-11-14,1.6008043486254806,1.620978274405328,0.01260236817645432,126.02368176454321
OP,2024-11-22,2024-11-29,2.091912549993582,2.3620918176704975,0.12915418843763063,1291.5418843763064
OP,2025-02-04,2025-02-11,1.186104057812622,1.0960040948669956,-0.07596294975314913,-759.6294975314913
PAXG,2023-10-06,2023-10-13,1828.4021862426066,1872.3644210628765,0.02404407255200946,240.4407255200946
PAXG,2024-01-11,2024-01-18,2001.0034660939325,2003.269937223922,0.0011326672683949497,11.326672683949496
PAXG,2024-03-02,2024-03-09,2023.267418729381,2132.730635563506,0.054102199156089936,541.0219915608993
PAXG,2024-07-20,2024-07-27,2407.742756913609,2387.6434374090873,-0.008347785263524653,-83.47785263524653
PAXG,2024-10-02,2024-10-09,2678.339049265264,2633.506702529525,-0.016738861626961574,-167.38861626961574
PAXG,2024-11-07,2024-11-14,2655.5255199727594,2569.8454196275993,-0.032264837863821026,-322.64837863821026
PAXG,2025-01-21,2025-01-28,2696.406794284747,2742.4650117278566,0.017081331177748783,170.81331177748783
PEPE,2023-06-22,2023-06-29,1.3804578306036491e-06,1.4261554880324218e-06,0.03310326213209272,331.0326213209272
PEPE,2023-10-24,2023-10-31,9.79990473018326e-07,1.1737479994961924e-06,0.19771368376786566,1977.1368376786565
PEPE,2023-12-05,2023-12-12,1.3901195231106695e-06,1.4164675386518836e-06,0.018953777069654534,189.53777069654532
PEPE,2024-01-17,2024-01-24,1.2398786980748864e-06,1.0382541923536919e-06,-0.1626163156397875,-1626.1631563978751
PEPE,2024-02-24,2024-03-02,1.200649895890344e-06,3.9578439124081815e-06,2.2964179865882017,22964.17986588202
PEPE,2024-03-05,2024-03-12,7.053389465111748e-06,9.051470136066903e-06,0.2832795042494508,2832.795042494508
PEPE,2024-07-16,2024-07-23,1.138675534683768e-05,1.1895940387574104e-05,0.04471730754080305,447.1730754080305
PEPE,2024-09-28,2024-10-05,1.0693156678045403e-05,9.37923050848553e-06,-0.1228754248273153,-1228.754248273153
PEPE,2024-11-11,2024-11-18,1.2264830321634702e-05,2.1197225084555063e-05,0.7282933826784338,7282.933826784338
POL,2023-12-22,2023-12-29,0.8143860812664038,0.9996301306566809,0.22746465546441447,2274.6465546441445
POL,2024-02-07,2024-02-14,0.8060554881000834,0.8478833601190796,0.0518920504065877,518.920504065877
POL,2024-09-14,2024-09-21,0.4131931457005533,0.40065473340517804,-0.030345160431247898,-303.451604312479
POL,2024-11-07,2024-11-14,0.334512639637011,0.3759118516716919,0.12375978402371979,1237.597840237198
POL,2024-11-24,2024-12-01,0.5684904801511096,0.5987594947112053,0.05324454079169438,532.4454079169437
POL,2024-12-04,2024-12-11,0.7024840912875361,0.5792961304740617,-0.17536049903662787,-1753.6049903662788
POL,2025-01-21,2025-01-28,0.4400688016188852,0.4139918864202553,-0.05925645058840908,-592.5645058840907
POL,2025-02-04,2025-02-11,0.341045862036782,0.31270253467026077,-0.08310708476933341,-831.0708476933341
PYUSD,2023-12-13,2023-12-20,0.9985854876999259,0.9994940927203797,0.0009098920739841471,9.098920739841471
PYUSD,2024-01-11,2024-01-18,1.0004236510850417,0.9998756954114192,-0.0005477236299124201,-5.477236299124201
PYUSD,2024-02-29,2024-03-07,1.0012153455316726,1.000452927485802,-0.0007614925692790413,-7.614925692790413
PYUSD,2024-12-20,2024-12-27,1.0007893117341364,1.0000548465356491,-0.000733885933708306,-7.3388593370830595
PYUSD,2025-01-20,2025-01-27,1.0008884978202077,0.9983472646188732,-0.0025389773255152038,-25.389773255152036
QNT,2023-10-23,2023-10-30,94.53027600123595,105.22860851969085,0.11317360924996166,1131.7360924996165
QNT,2023-12-07,2023-12-14,110.68551245974135,115.129847455958,0.040152815824321654,401.5281582432165
QNT,2023-12-25,2024-01-01,132.7503647186936,137.73399765953198,0.0375413879381727,375.41387938172704
QNT,2024-02-16,2024-02-23,111.36670762530626,103.16232693356423,-0.07366995816510714,-736.6995816510714
QNT,2024-02-29,2024-03-07,110.54120186844858,126.63189763263745,0.14556288055686123,1455.6288055686123
QNT,2024-06-08,2024-06-15,86.31051375274114,81.30049232405447,-0.05804647905397917,-580.4647905397917
QNT,2024-11-07,2024-11-14,61.74000164968087,61.836336334844304,0.0015603285161870752,15.603285161870753
QNT,2024-11-17,2024-11-24,87.36745582551477,99.29237803384105,0.13649158139779238,1364.9158139779238
QNT,2024-12-03,2024-12-10,129.45539661079215,137.19851556166833,0.059813025594876355,598.1302559487635
QNT,2025-02-04,2025-02-11,96.3246467441876,88.24525232365174,-0.0838767095818432,-838.767095818432
RENDER,2023-10-17,2023-10-24,1.8392804532723417,2.0912476524524446,0.13699226712914683,1369.9226712914683
RENDER,2023-11-16,2023-11-23,2.8364404981569145,3.3528347985460187,0.18205715957188284,1820.5715957188283
RENDER,2024-02-23,2024-03-01,7.4094530091527755,7.4797647628467745,0.009489466173433322,94.89466173433321
RENDER,2024-03-07,2024-03-14,9.31330350611191,11.368892416364066,0.22071533574559923,2207.153357455992
RENDER,2024-09-24,2024-10-01,6.2298226205739695,6.4343676413864195,0.032833201403991936,328.3320140399194
RENDER,2024-11-07,2024-11-14,5.060466630413823,7.021550027751634,0.3875301509848,3875.301509848
RENDER,2024-12-06,2024-12-13,10.082375995106254,9.477736739541237,-0.059969917394321975,-599.6991739432198
RENDER,2025-02-04,2025-02-11,5.033770581078589,4.4473551230941055,-0.11649626230260819,-1164.962623026082
RSETH,2024-02-16,2024-02-23,2833.785593266923,2968.749700140517,0.047626788418385815,476.26788418385814
RSETH,2024-02-28,2024-03-06,3266.893766328448,3554.334122965418,0.08798582910763417,879.8582910763416
RSETH,2024-03-30,2024-04-06,3521.0981828056674,3353.1336890746916,-0.04770230337545971,-477.0230337545971
RSETH,2024-06-04,2024-06-11,3805.7886383537807,3708.0761841506796,-0.025674692813568132,-256.74692813568134
RSETH,2024-10-22,2024-10-29,2737.8177553673986,2608.333939361145,-0.04729453439784478,-472.9453439784478
RSETH,2024-11-13,2024-11-20,3356.675850519591,3197.8263909499606,-0.04732344338373984,-473.2344338373984
RSETH,2025-02-04,2025-02-11,2961.7668153938102,2751.6845865118185,-0.07093138723483816,-709.3138723483817
SEI,2023-10-19,2023-10-26,0.10244723873321668,0.1122995322745478,0.09616943963699714,961.6943963699714
SEI,2023-11-14,2023-11-21,0.14983407796883585,0.1630537690757512,0.0882288681328217,882.288681328217
SEI,2023-11-24,2023-12-01,0.20169567697515048,0.24071039262819277,0.19343357397714095,1934.3357397714094
SEI,2023-12-20,2023-12-27,0.35759623630006165,0.5012062482898533,0.40159822003631884,4015.9822003631884
SEI,2024-01-04,2024-01-11,0.7820334481769446,0.7391989256644101,-0.05477326144091303,-547.7326144091303
SEI,2024-03-08,2024-03-15,0.9496514390872333,0.8676416358731536,-0.08635779385845423,-863.5779385845423
SEI,2024-03-16,2024-03-23,1.0406920517393,0.7911774235952882,-0.23975836821949395,-2397.5836821949397
SEI,2024-06-11,2024-06-18,0.48204687411477426,0.3800711130355135,-0.21154739622889987,-2115.473962288999
SEI,2024-09-26,2024-10-03,0.4537295336145344,0.420831605928998,-0.07250559033145242,-725.0559033145241
SEI,2024-11-11,2024-11-18,0.46712289291628023,0.5007929465940351,0.07207964796490786,720.7964796490786
SEI,2024-11-25,2024-12-02,0.6531948279716399,0.6519480827657451,-0.0019086881164785798,-19.086881164785797
SEI,2025-01-21,2025-01-28,0.3496567688777426,0.31687958538223937,-0.09374102380658837,-937.4102380658837
SHIB,2023-07-15,2023-07-22,7.97579974349658e-06,7.83700628000678e-06,-0.017401824011814178,-174.0182401181418
SHIB,2023-10-24,2023-10-31,7.462759991396713e-06,7.98144489276532e-06,0.06950309295308461,695.0309295308462
SHIB,2023-11-12,2023-11-19,9.070266434234204e-06,8.553110337255375e-06,-0.05701663790458342,-570.1663790458342
SHIB,2023-12-07,2023-12-14,9.71623816183294e-06,9.797469330021117e-06,0.008360351695295677,83.60351695295677
SHIB,2024-02-16,2024-02-23,9.877223914688893e-06,9.547779894683156e-06,-0.03335390822878934,-333.53908228789345
SHIB,2024-02-28,2024-03-06,1.0938246976826791e-05,3.628841023825325e-05,2.3175709339103436,23175.709339103436
SHIB,2024-05-30,2024-06-06,2.7615640232726832e-05,2.5933909750440834e-05,-0.060897754609831836,-608.9775460983184
SHIB,2024-07-19,2024-07-26,1.7392526944452457e-05,1.6404268457122645e-05,-0.05682086855383761,-568.2086855383761
SHIB,2024-09-26,2024-10-03,1.5232258866648938e-05,1.625234666103557e-05,0.0669689113950208,669.689113950208
SHIB,2024-11-07,2024-11-14,1.9068693732702002e-05,2.586440780386822e-05,0.35638068167783604,3563.8068167783604
SHIB,2025-01-20,2025-01-27,2.0292941420535845e-05,1.907583837811119e-05,-0.05997666958191599,-599.76669581916
SOL,2023-07-14,2023-07-21,25.990368470421153,25.3350693194684,-0.02521315354565018,-252.1315354565018
SOL,2023-10-02,2023-10-09,23.88149631052896,23.24916669447795,-0.026477805570843813,-264.77805570843816
SOL,2023-10-22,2023-10-29,29.355573342373983,31.646807666480882,0.07805108411217994,780.5108411217993
SOL,2023-11-02,2023-11-09,41.41420827516142,43.24925747868605,0.044309653134796616,443.09653134796616
SOL,2024-02-29,2024-03-07,117.43028413751361,130.66706419099268,0.11272032721966752,1127.2032721966752
SOL,2024-03-16,2024-03-23,183.9242834890865,173.45563634427955,-0.056918243454394724,-569.1824345439472
SOL,2024-11-07,2024-11-14,187.1685353309579,215.0830227659504,0.14914091936250473,1491.4091936250472
SOL,2025-01-19,2025-01-26,262.5615764589647,257.0742996969564,-0.020899009047753266,-208.99009047753268
STETH,2023-12-06,2023-12-13,2288.4583921367125,2201.2524903600142,-0.03810683300004198,-381.0683300004198
STETH,2024-02-23,2024-03-01,2974.365244095076,3343.100875694517,0.12397120102565806,1239.7120102565807
STETH,2024-03-16,2024-03-23,3734.6410982501175,3317.7173715216304,-0.11163689247779084,-1116.3689247779084
STETH,2024-05-22,2024-05-29,3793.177155527557,3839.2346154181123,0.012142185297999824,121.42185297999825
STETH,2024-11-09,2024-11-16,2962.3604469651705,3089.4330783368046,0.0428957358993283,428.957358993283
STETH,2024-12-11,2024-12-18,3628.3598219830014,3873.819190036487,0.06765022767762181,676.5022767762181
STETH,2025-01-20,2025-01-27,3209.785385263705,3229.1307485254483,0.006026995870365345,60.26995870365345
STETH,2025-02-04,2025-02-11,2869.4396825440467,2656.5518232877007,-0.07419143902951796,-741.9143902951796
STX,2023-10-02,2023-10-09,0.5118114517792952,0.504985666969165,-0.013336522241541443,-133.36522241541442
STX,2023-10-17,2023-10-24,0.5451773514127572,0.7298881880664688,0.33880871275201935,3388.0871275201935
STX,2023-11-30,2023-12-07,0.7210303426959224,1.0336191599936035,0.433530738982379,4335.30738982379
STX,2024-01-09,2024-01-16,2.0367808818514663,1.5867340537360546,-0.22095986471863974,-2209.5986471863976
STX,2024-02-13,2024-02-20,2.002146782542801,2.6464508549126062,0.3218066117767425,3218.066117767425
STX,2024-07-17,2024-07-24,1.9218806064648997,1.759211227677818,-0.08464073066760121,-846.4073066760121
STX,2024-09-20,2024-09-27,1.6907296793313413,1.9894242815760448,0.17666609032546987,1766.6609032546987
STX,2024-10-30,2024-11-06,1.8744368037880188,1.521749364031935,-0.18815648468027488,-1881.5648468027487
STX,2024-11-11,2024-11-18,1.8115178733994448,1.8613930196297421,0.027532240759348944,275.32240759348946
SUI,2023-07-19,2023-07-26,0.7398736333968843,0.6374616294762335,-0.13841823697711733,-1384.1823697711734
SUI,2023-09-30,2023-10-07,0.4805878219733292,0.443317734114601,-0.07755104510491852,-775.5104510491851
SUI,2023-10-25,2023-11-01,0.43274994282713986,0.4432814019655837,0.024336130629254826,243.36130629254825
SUI,2023-12-20,2023-12-27,0.6786394488439558,0.8873017630543008,0.3074715367133397,3074.715367133397
SUI,2024-01-12,2024-01-19,1.0874802387441889,1.1560251455839792,0.06303094474520776,630.3094474520776
SUI,2024-03-06,2024-03-13,1.404927121858575,1.596218261448658,0.13615733984622938,1361.5733984622939
SUI,2024-03-17,2024-03-24,1.6168069632931732,1.6481915961821176,0.019411490426178672,194.11490426178673
SUI,2024-09-20,2024-09-27,1.3858637681235675,1.6488120333843557,0.18973601252077973,1897.3601252077974
SUI,2024-11-07,2024-11-14,2.3055172587541453,3.2891139131509863,0.426627322203763,4266.27322203763
SUI,2024-12-06,2024-12-13,4.220303251080122,4.620513668988369,0.09482977741133138,948.2977741133137
SUI,2025-02-04,2025-02-11,3.644883982527047,3.208046016946289,-0.11984962146254435,-1198.4962146254436
SUSDE,2024-05-18,2024-05-25,1.065955291633348,1.0664797199357903,0.0004919796416966008,4.919796416966008
SUSDE,2024-09-27,2024-10-04,1.0951052943633521,1.1043739960184216,0.008463753853420884,84.63753853420883
SUSDE,2024-10-25,2024-11-01,1.1113767409292439,1.1095296492680158,-0.001661985169568787,-16.61985169568787
SUSDE,2024-11-30,2024-12-07,1.1277876522343944,1.1332837805469027,0.004873371597586928,48.73371597586928
SUSDE,2024-12-21,2024-12-28,1.1338315438912236,1.1328368131596982,-0.0008773179198310274,-8.773179198310274
SUSDS,2025-01-20,2025-01-27,1.0242232512028697,1.0298955172547173,0.00553811490335328,55.38114903353281
SUSDS,2025-02-04,2025-02-11,1.038331791607062,1.0338836484383578,-0.004283932365992269,-42.83932365992269
TAO,2023-10-25,2023-11-01,66.9377611681067,85.1576999651454,0.27219223468322096,2721.9223468322098
TAO,2023-11-07,2023-11-14,132.0532468769647,143.0598757413908,0.08334992985580357,833.4992985580357
TAO,2023-11-19,2023-11-26,231.77239547250593,276.64896924236695,0.19362346270086556,1936.2346270086555
TAO,2023-12-05,2023-12-12,347.1231067775276,323.21703929803994,-0.06886913320584315,-688.6913320584315
TAO,2024-01-31,2024-02-07,421.8847870234796,489.6076737812389,0.16052460017713374,1605.2460017713374
TAO,2024-03-31,2024-04-07,493.74396935436033,553.3161720497495,0.12065403608531812,1206.5403608531813
TAO,2024-04-12,2024-04-19,631.5941580301829,465.5292121622244,-0.2629298320077599,-2629.298320077599
TAO,2024-09-20,2024-09-27,374.15836202244594,527.8508936634322,0.4107686670698173,4107.686670698173
TAO,2024-11-07,2024-11-14,523.7771703051566,537.825970520597,0.02682209346248427,268.2209346248427
TAO,2025-01-28,2025-02-04,443.01674848020866,396.2025061394174,-0.10567149549399635,-1056.7149549399635
TIA,2024-03-06,2024-03-13,15.658502867543678,17.979678483841656,0.14823739127124463,1482.3739127124463
TIA,2024-05-29,2024-06-05,11.663163620813735,10.712032336603555,-0.08155002494458881,-815.5002494458881
TIA,2024-09-19,2024-09-26,5.334335375325616,6.1503367930820785,0.15297152509962916,1529.7152509962916
TIA,2024-11-07,2024-11-14,5.133216878195523,5.0229177988553255,-0.02148732110048139,-214.8732110048139
TIA,2024-11-24,2024-12-01,7.143164770871224,8.407604052966716,0.17701387587357492,1770.1387587357492
TIA,2025-01-20,2025-01-27,4.66791776987569,4.3487360119523,-0.06837775934769524,-683.7775934769525
TIA,2025-02-04,2025-02-11,3.4874587943617907,3.2298330713216328,-0.07387204788101412,-738.7204788101412
TKX,2023-10-07,2023-10-14,5.535781393782284,5.274270800593645,-0.0472400506064716,-472.400506064716
TKX,2023-10-25,2023-11-01,5.673643995987527,5.761404111341805,0.015468033492468435,154.68033492468436
TKX,2023-12-17,2023-12-24,9.266228114772545,11.414843101594863,0.23187590033499403,2318.7590033499405
TKX,2024-03-05,2024-03-12,15.162191026683024,17.197239983526305,0.13421865964239085,1342.1865964239084
TKX,2024-11-08,2024-11-15,10.662745472412553,12.047018510997994,0.1298233219734012,1298.2332197340122
TKX,2024-11-17,2024-11-24,11.018224477793316,12.680264893045036,0.15084466817693543,1508.4466817693542
TKX,2024-12-27,2025-01-03,31.547597260614868,44.8960343324209,0.4231205616559171,4231.205616559171
TON,2023-07-20,2023-07-27,1.3640315499753286,1.3574533842030008,-0.0048225906302877064,-48.225906302877064
TON,2023-11-01,2023-11-08,2.224145470600538,2.5386599698723034,0.14140914046725714,1414.0914046725713
TON,2024-02-29,2024-03-07,2.536824250204345,2.685476560210416,0.058597796041289285,585.9779604128928
TON,2024-03-13,2024-03-20,4.076500388945032,3.8033481088357526,-0.06700656299458103,-670.0656299458103
TON,2024-04-10,2024-04-17,6.683892245200446,6.336312056391338,-0.05200266193080795,-520.0266193080795
TON,2024-08-26,2024-09-02,5.7733012427655055,5.191701973772266,-0.10073946335678205,-1007.3946335678205
TON,2024-11-07,2024-11-14,4.796135120206756,5.269303139803591,0.09865610699817749,986.561069981775
TON,2024-11-24,2024-12-01,6.333257533149967,6.838406536982792,0.07976132364564993,797.6132364564993
TON,2025-01-20,2025-01-27,4.852220679406567,4.932218643970656,0.016486876803359352,164.8687680335935
TON,2025-02-04,2025-02-11,4.074085309408775,3.813417599449371,-0.06398189781579022,-639.8189781579023
TRX,2023-07-23,2023-07-30,0.08369591639611575,0.08335304153060019,-0.004096673771905406,-40.96673771905406
TRX,2023-11-11,2023-11-18,0.10626666560698517,0.10361356208223706,-0.02496647005525047,-249.66470055250468
TRX,2024-01-14,2024-01-21,0.11410420154952293,0.10971330790234715,-0.03848143703341252,-384.8143703341252
TRX,2024-11-11,2024-11-18,0.16402994730052214,0.1996352192283231,0.21706567924799686,2170.6567924799688
TRX,2024-12-04,2024-12-11,0.4155898414393119,0.2698088406575527,-0.3507809533478393,-3507.8095334783934
TRX,2025-01-21,2025-01-28,0.2374748134302216,0.24646152284254866,0.03784278965216528,378.4278965216528
UNI,2023-06-26,2023-07-03,5.449521567035398,5.548070005095347,0.0180838697209819,180.838697209819
UNI,2023-10-24,2023-10-31,4.365628373059609,4.17784274990864,-0.04301456906176399,-430.1456906176399
UNI,2023-11-02,2023-11-09,4.757715354031566,5.195357062988965,0.09198568564774527,919.8568564774528
UNI,2023-12-29,2024-01-05,7.785610561124434,6.528889121901363,-0.16141591328729002,-1614.1591328729003
UNI,2024-02-24,2024-03-02,11.317665122471857,11.605021156735438,0.025390045663484052,253.90045663484054
UNI,2024-04-12,2024-04-19,9.17441239923526,7.291195805685072,-0.20526836069710203,-2052.6836069710203
UNI,2024-05-21,2024-05-28,9.331466865377843,11.062826474684524,0.18553991931648744,1855.3991931648745
UNI,2024-06-05,2024-06-12,11.444278724747518,8.983001324461004,-0.21506618804767136,-2150.6618804767136
UNI,2024-11-07,2024-11-14,9.338342940743303,8.63778819362204,-0.07501917112775268,-750.1917112775268
UNI,2025-02-04,2025-02-11,9.943346602700567,9.451570461272043,-0.04945780943560387,-494.5780943560387
USDE,2024-02-03,2024-02-10,0.9992331689072532,0.9958441894475714,-0.0033915802288548933,-33.91580228854893
USDE,2024-02-14,2024-02-21,0.99577102359001,1.0009885560321017,0.005239690971606226,52.39690971606226
USDE,2024-03-30,2024-04-06,1.0013661359634733,0.9999253798635799,-0.001438790516425077,-14.387905164250771
USDE,2024-05-18,2024-05-25,1.0022935040172913,1.0008617996485851,-0.001428428262747187,-14.284282627471871
USDE,2024-06-11,2024-06-18,1.000555677793679,1.0013593005755452,0.0008031764745348823,8.031764745348823
USDE,2024-07-26,2024-08-02,0.9991802287642578,0.9983816493231463,-0.0007992346306723363,-7.992346306723363
USDE,2024-09-15,2024-09-22,0.9990182403789017,0.9985925166356293,-0.0004261421123912278,-4.261421123912278
USDE,2024-11-08,2024-11-15,0.998931924976118,1.002446759402734,0.003518592547435064,35.18592547435064
USDE,2024-11-20,2024-11-27,1.002050998743509,1.0005972796117857,-0.001450743658302875,-14.50743658302875
USDE,2025-02-04,2025-02-11,1.0000848283980408,0.9998378564946315,-0.00024695095495537304,-2.4695095495537305
USDS,2024-10-31,2024-11-07,1.0010997268586768,0.9999938127894555,-0.0011046992018382052,-11.046992018382053
USDS,2024-11-08,2024-11-15,1.0009298499100212,0.9989856759318999,-0.0019423678675344446,-19.423678675344448
USDS,2024-11-24,2024-12-01,0.9999238727472742,1.0003194602976113,0.0003956176676232502,3.956176676232502
USDS,2024-12-04,2024-12-11,1.0009608667150793,0.9992764006377545,-0.0016828490836538795,-16.828490836538794
USDS,2025-01-19,2025-01-26,1.0013207419497232,0.9997706732659215,-0.001548024143376356,-15.48024143376356
VET,2023-06-24,2023-07-01,0.01869368437231056,0.01967451536815264,0.05246857581991202,524.6857581991202
VET,2023-10-23,2023-10-30,0.017557512193904057,0.019058522601225845,0.08549106449391712,854.9106449391712
VET,2023-11-27,2023-12-04,0.022409793533854385,0.022638408432466145,0.01020156202092591,102.0156202092591
VET,2023-12-12,2023-12-19,0.027124925134808305,0.031910957545050946,0.17644407814792165,1764.4407814792164
VET,2024-02-15,2024-02-22,0.03597708978839267,0.043360204759504785,0.20521712608044637,2052.1712608044636
VET,2024-04-13,2024-04-20,0.042792021136466685,0.04063359969891851,-0.05043981051198349,-504.3981051198349
VET,2024-09-21,2024-09-28,0.023838765273526793,0.026661870656560324,0.11842498345200037,1184.2498345200036
VET,2024-11-11,2024-11-18,0.025220402534990884,0.02865889797490477,0.13633784929258383,1363.3784929258384
VET,2024-11-24,2024-12-01,0.04219675671344767,0.046016828976327015,0.09052999709956207,905.2999709956207
VET,2024-12-03,2024-12-10,0.05669059657022495,0.0568877901614383,0.0034784179942272376,34.784179942272374
VET,2025-01-22,2025-01-29,0.04934780540179914,0.042425275065686364,-0.14028040922485255,-1402.8040922485254
WBT,2023-07-12,2023-07-19,5.44641348077292,5.500130736641667,0.009862867749277844,98.62867749277844
WBT,2023-10-24,2023-10-31,5.5418935689724265,5.434060376120352,-0.019457824570252167,-194.57824570252166
WBT,2023-12-05,2023-12-12,5.515584890124096,5.674069230390647,0.028733913705203746,287.3391370520375
WBT,2024-01-04,2024-01-11,5.92376682265974,6.26796276168102,0.05810423491091065,581.0423491091065
WBT,2024-03-01,2024-03-08,7.74787969212264,8.483201678758212,0.0949062215541604,949.062215541604
WBT,2024-10-12,2024-10-19,15.000694820752418,17.70054457726728,0.1799816467687755,1799.816467687755
WBT,2024-11-11,2024-11-18,20.79150390217575,22.094087722129714,0.06264981244659519,626.498124465952
WEETH,2024-02-02,2024-02-09,2363.5207965854393,2498.799867906479,0.05723625174632539,572.3625174632539
WEETH,2024-02-26,2024-03-04,3212.7400899948407,3596.9872676657537,0.11960107786731361,1196.0107786731362
WEETH,2024-03-15,2024-03-22,3983.071694100693,3587.2142301504846,-0.09938497078435996,-993.8497078435995
WEETH,2024-10-23,2024-10-30,2754.0158015468073,2775.362711013116,0.0077511935313948135,77.51193531394813
WEETH,2024-12-21,2024-12-28,3657.5398676602586,3513.7672426564573,-0.03930855990799443,-393.0855990799443
WEETH,2025-01-19,2025-01-26,3496.9711244524447,3510.2972798971527,0.003810770798627827,38.10770798627827
WEETH,2025-02-04,2025-02-11,3041.587315582604,2812.8566414320253,-0.07520108759618697,-752.0108759618697
WLD,2023-11-12,2023-11-19,1.9317542952502467,2.0649909044294765,0.06897181981519544,689.7181981519544
WLD,2023-12-17,2023-12-24,3.8098811032368767,3.4780356446609297,-0.08710126368353356,-871.0126368353356
WLD,2024-02-17,2024-02-24,4.369836850349598,8.249617582568858,0.8878548250397191,8878.54825039719
WLD,2024-03-10,2024-03-17,11.716875732924887,8.428332354960519,-0.2806672574604022,-2806.672574604022
WLD,2024-07-17,2024-07-24,2.8262381337636806,2.188564497508236,-0.22562629406116583,-2256.2629406116585
WLD,2024-09-24,2024-10-01,1.711286953767286,1.851231588770727,0.08177742177918325,817.7742177918325
WLD,2024-10-15,2024-10-22,2.404622980838092,2.2697904850989317,-0.056072197934399916,-560.7219793439991
WLD,2024-11-12,2024-11-19,2.4781927448328935,2.3954529985825,-0.03338713117569586,-333.8713117569586
WSTETH,2023-10-17,2023-10-24,1818.030857305263,2015.797605556944,0.10878074343843457,1087.8074343843457
WSTETH,2023-11-03,2023-11-10,2061.6167388604435,2428.7146836149136,0.1780631374565687,1780.631374565687
WSTETH,2024-02-15,2024-02-22,3214.709649502121,3406.303321447957,0.05959905958396866,595.9905958396866
WSTETH,2024-05-22,2024-05-29,4428.709246968898,4497.953633702881,0.015635342686218513,156.35342686218513
WSTETH,2024-10-15,2024-10-22,3108.071114337643,3151.537009597925,0.013984845797051577,139.84845797051577
WSTETH,2024-11-09,2024-11-16,3512.695901525209,3666.028726391333,0.04365103873624436,436.5103873624436
WSTETH,2024-12-13,2024-12-20,4590.304061552643,4079.020037455617,-0.11138347639744098,-1113.8347639744097
WSTETH,2025-02-04,2025-02-11,3437.989988974932,3170.56484481236,-0.07778531788055242,-777.8531788055242
XAUT,2023-07-02,2023-07-09,1910.1478350638452,1924.988570712904,0.007769417307201672,77.69417307201672
XAUT,2023-09-20,2023-09-27,1932.3316354531105,1903.4841404816711,-0.014928853019929432,-149.2885301992943
XAUT,2023-10-24,2023-10-31,1974.7599687805964,1994.7662388156768,0.010130988247363651,101.3098824736365
XAUT,2024-03-13,2024-03-20,2157.2047664289826,2159.4309228265865,0.0010319634149933443,10.319634149933442
XAUT,2024-07-18,2024-07-25,2460.723754760704,2399.0196148311975,-0.02507560623581951,-250.7560623581951
XAUT,2024-10-23,2024-10-30,2769.1929445719634,2774.7192972924204,0.001995654629732278,19.95654629732278
XAUT,2024-12-06,2024-12-13,2637.308380220781,2704.1307678271382,0.025337343219894174,253.37343219894174
XAUT,2025-01-03,2025-01-10,2649.5351205062143,2647.82295069069,-0.0006462151802679729,-6.462151802679728
XAUT,2025-01-18,2025-01-25,2699.2591440595615,2760.2804191266932,0.022606675317345965,226.06675317345966
XDC,2023-07-14,2023-07-21,0.03401251106360979,0.040526867946127275,0.19152825471587231,1915.2825471587232
XDC,2023-07-22,2023-07-29,0.041835529750875795,0.05792430006583381,0.38457192751625685,3845.7192751625685
XDC,2023-10-18,2023-10-25,0.04682445667621229,0.049482494661366484,0.05676601873961583,567.6601873961583
XDC,2023-11-08,2023-11-15,0.05561461934810375,0.051252180534209886,-0.07844050476347651,-784.4050476347651
XDC,2024-07-23,2024-07-30,0.030430442877947692,0.02986674095771909,-0.018524275919661506,-185.24275919661505
XDC,2024-10-19,2024-10-26,0.027784654032405365,0.027315204066937746,-0.016896016229681957,-168.96016229681956
XDC,2024-11-17,2024-11-24,0.047262648258121855,0.054511018894997154,0.15336361596347287,1533.6361596347288
XDC,2024-12-03,2024-12-10,0.08117335725646165,0.07848794334249143,-0.033082454696136764,-330.8245469613676
XDC,2025-01-16,2025-01-23,0.1354996195068422,0.1282198353485199,-0.05372549520668346,-537.2549520668346
XLM,2023-06-28,2023-07-05,0.10206589447611057,0.10330078071370029,0.012098911628886497,120.98911628886498
XLM,2023-07-14,2023-07-21,0.15316369601969773,0.16391228225893484,0.07017711454191322,701.7711454191323
XLM,2023-10-25,2023-11-01,0.11432644422658868,0.12144221364041154,0.062240800559840714,622.4080055984072
XLM,2024-02-16,2024-02-23,0.11667343116067704,0.11535269016863398,-0.011319980726582033,-113.19980726582033
XLM,2024-02-29,2024-03-07,0.12096476754059356,0.13793974702406556,0.14032994754258102,1403.2994754258102
XLM,2024-07-23,2024-07-30,0.10362185829739026,0.09916940557759317,-0.04296827708897813,-429.6827708897813
XLM,2024-10-02,2024-10-09,0.09379935677818196,0.08991010359627102,-0.04146353786954318,-414.6353786954318
XLM,2024-11-07,2024-11-14,0.09708079444876107,0.12434300743221365,0.2808198381384434,2808.198381384434
XLM,2024-11-17,2024-11-24,0.21966380097730875,0.5147501374190755,1.3433544131026356,13433.544131026356
XLM,2024-11-25,2024-12-02,0.5381607975899753,0.5592038262557358,0.03910174943993833,391.0174943993833
XMR,2023-10-24,2023-10-31,160.6464103374121,172.71334123458294,0.07511484926321214,751.1484926321215
XMR,2023-12-29,2024-01-05,174.57594380466017,163.48974183007977,-0.06350360612677075,-635.0360612677075
XMR,2024-02-07,2024-02-14,104.7009347074954,128.1283578872301,0.22375562591856737,2237.5562591856738
XMR,2024-02-26,2024-03-04,129.3123925398306,150.8878591218359,0.16684763276156742,1668.476327615674
XMR,2024-06-10,2024-06-17,174.01424860834166,176.99747373612837,0.01714356813677443,171.4356813677443
XMR,2024-07-23,2024-07-30,161.29382493782967,161.2110225624391,-0.0005133635799292819,-5.1336357992928185
XMR,2024-11-07,2024-11-14,161.41383863399597,149.97558866060336,-0.0708628830724279,-708.6288307242789
XMR,2024-12-04,2024-12-11,200.94480799663856,178.69525752280958,-0.11072468453228794,-1107.2468453228794
XRP,2023-07-14,2023-07-21,0.8125093807114796,0.793283630832216,-0.02366218819828081,-236.62188198280808
XRP,2023-09-30,2023-10-07,0.5212894024048964,0.526052843230149,0.009137804841758,91.37804841757999
XRP,2023-10-25,2023-11-01,0.5582475426640131,0.6004457063634022,0.07559041549563345,755.9041549563344
XRP,2024-01-04,2024-01-11,0.5824243596025832,0.6003499915103494,0.030777613628656834,307.7761362865683
XRP,2024-02-28,2024-03-06,0.5873753685082636,0.5952832703420226,0.013463114488172053,134.63114488172053
XRP,2024-03-12,2024-03-19,0.717049252482876,0.6539066224226806,-0.0880589859644311,-880.589859644311
XRP,2024-07-18,2024-07-25,0.6273851564998204,0.6185453553161305,-0.014089911264409087,-140.89911264409088
XRP,2024-09-29,2024-10-06,0.6150093639492326,0.529571423116506,-0.13892136582131664,-1389.2136582131664
XRP,2024-11-07,2024-11-14,0.5424824356184882,0.6911785818007724,0.2741031532435786,2741.0315324357857
XRP,2024-11-17,2024-11-24,1.1228963632747573,1.4647330527827664,0.30442407749108225,3044.2407749108224
XRP,2024-12-03,2024-12-10,2.7088474745217135,2.2158470487122726,-0.181996376852664,-1819.96376852664
XRP,2025-02-04,2025-02-11,2.692671869551836,2.4205102148292257,-0.10107494262489124,-1010.7494262489124
